particle,determinant,mass_MeV,mass_GeV
electron,0.018518518518518517,0.5053703703703704,0.0005053703703703703
muon,4,109.16,0.10916
tau,64,1746.56,1.74656
